source,target
/404.html,/favicon.ico
/404.html,/favicon.svg
/404.html,/apple-touch-icon.png
/404.html,/site.webmanifest
/404.html,/_astro/abschiedsraum.THp6ayMY.css
/404.html,/
/404.html,/im-trauerfall/
/404.html,/im-trauerfall/
/404.html,/im-trauerfall/benoetigte-dokumente/
/404.html,/leistungen/
/404.html,/leistungen/
/404.html,/leistungen/ueberfuehrungen/
/404.html,/leistungen/thanatopraxie/
/404.html,/leistungen/trauerfeier-und-trauerdruck/
/404.html,/leistungen/formalitaeten/
/404.html,/bestattungsarten/
/404.html,/bestattungsarten/
/404.html,/bestattungsarten/erdbestattung/
/404.html,/bestattungsarten/feuerbestattung/
/404.html,/bestattungsarten/seebestattung/
/404.html,/bestattungsarten/anonyme-bestattung/
/404.html,/bestattungsvorsorge/
/404.html,/abschiedsraum/
/404.html,/ueber-uns/
/404.html,/ueber-uns/
/404.html,/ueber-uns/historie/
/404.html,/ueber-uns/galerie/
/404.html,/mediathek/
/404.html,/friedhoefe-in-wuerzburg/
/404.html,/kontakt/
/404.html,/
/404.html,/im-trauerfall/
/404.html,/leistungen/
/404.html,/bestattungsarten/
/404.html,/bestattungsvorsorge/
/404.html,/abschiedsraum/
/404.html,/ueber-uns/
/404.html,/mediathek/
/404.html,/friedhoefe-in-wuerzburg/
/404.html,/kontakt/
/404.html,/kontakt/
/404.html,/
/404.html,/im-trauerfall/
/404.html,/leistungen/
/404.html,/bestattungsarten/
/404.html,/bestattungsvorsorge/
/404.html,/abschiedsraum/
/404.html,/ueber-uns/
/404.html,/mediathek/
/404.html,/friedhoefe-in-wuerzburg/
/404.html,/kontakt/
/404.html,/impressum/
/404.html,/datenschutz/
/404.html,/barrierefreiheit/
/abschiedsraum/,/favicon.ico
/abschiedsraum/,/favicon.svg
/abschiedsraum/,/apple-touch-icon.png
/abschiedsraum/,/site.webmanifest
/abschiedsraum/,/_astro/abschiedsraum.THp6ayMY.css
/abschiedsraum/,/
/abschiedsraum/,/im-trauerfall/
/abschiedsraum/,/im-trauerfall/
/abschiedsraum/,/im-trauerfall/benoetigte-dokumente/
/abschiedsraum/,/leistungen/
/abschiedsraum/,/leistungen/
/abschiedsraum/,/leistungen/ueberfuehrungen/
/abschiedsraum/,/leistungen/thanatopraxie/
/abschiedsraum/,/leistungen/trauerfeier-und-trauerdruck/
/abschiedsraum/,/leistungen/formalitaeten/
/abschiedsraum/,/bestattungsarten/
/abschiedsraum/,/bestattungsarten/
/abschiedsraum/,/bestattungsarten/erdbestattung/
/abschiedsraum/,/bestattungsarten/feuerbestattung/
/abschiedsraum/,/bestattungsarten/seebestattung/
/abschiedsraum/,/bestattungsarten/anonyme-bestattung/
/abschiedsraum/,/bestattungsvorsorge/
/abschiedsraum/,/abschiedsraum/
/abschiedsraum/,/ueber-uns/
/abschiedsraum/,/ueber-uns/
/abschiedsraum/,/ueber-uns/historie/
/abschiedsraum/,/ueber-uns/galerie/
/abschiedsraum/,/mediathek/
/abschiedsraum/,/friedhoefe-in-wuerzburg/
/abschiedsraum/,/kontakt/
/abschiedsraum/,/
/abschiedsraum/,/ueber-uns/galerie/
/abschiedsraum/,/
/abschiedsraum/,/im-trauerfall/
/abschiedsraum/,/leistungen/
/abschiedsraum/,/bestattungsarten/
/abschiedsraum/,/bestattungsvorsorge/
/abschiedsraum/,/abschiedsraum/
/abschiedsraum/,/ueber-uns/
/abschiedsraum/,/mediathek/
/abschiedsraum/,/friedhoefe-in-wuerzburg/
/abschiedsraum/,/kontakt/
/abschiedsraum/,/impressum/
/abschiedsraum/,/datenschutz/
/abschiedsraum/,/barrierefreiheit/
/barrierefreiheit/,/favicon.ico
/barrierefreiheit/,/favicon.svg
/barrierefreiheit/,/apple-touch-icon.png
/barrierefreiheit/,/site.webmanifest
/barrierefreiheit/,/_astro/abschiedsraum.THp6ayMY.css
/barrierefreiheit/,/
/barrierefreiheit/,/im-trauerfall/
/barrierefreiheit/,/im-trauerfall/
/barrierefreiheit/,/im-trauerfall/benoetigte-dokumente/
/barrierefreiheit/,/leistungen/
/barrierefreiheit/,/leistungen/
/barrierefreiheit/,/leistungen/ueberfuehrungen/
/barrierefreiheit/,/leistungen/thanatopraxie/
/barrierefreiheit/,/leistungen/trauerfeier-und-trauerdruck/
/barrierefreiheit/,/leistungen/formalitaeten/
/barrierefreiheit/,/bestattungsarten/
/barrierefreiheit/,/bestattungsarten/
/barrierefreiheit/,/bestattungsarten/erdbestattung/
/barrierefreiheit/,/bestattungsarten/feuerbestattung/
/barrierefreiheit/,/bestattungsarten/seebestattung/
/barrierefreiheit/,/bestattungsarten/anonyme-bestattung/
/barrierefreiheit/,/bestattungsvorsorge/
/barrierefreiheit/,/abschiedsraum/
/barrierefreiheit/,/ueber-uns/
/barrierefreiheit/,/ueber-uns/
/barrierefreiheit/,/ueber-uns/historie/
/barrierefreiheit/,/ueber-uns/galerie/
/barrierefreiheit/,/mediathek/
/barrierefreiheit/,/friedhoefe-in-wuerzburg/
/barrierefreiheit/,/kontakt/
/barrierefreiheit/,/
/barrierefreiheit/,/
/barrierefreiheit/,/im-trauerfall/
/barrierefreiheit/,/leistungen/
/barrierefreiheit/,/bestattungsarten/
/barrierefreiheit/,/bestattungsvorsorge/
/barrierefreiheit/,/abschiedsraum/
/barrierefreiheit/,/ueber-uns/
/barrierefreiheit/,/mediathek/
/barrierefreiheit/,/friedhoefe-in-wuerzburg/
/barrierefreiheit/,/kontakt/
/barrierefreiheit/,/impressum/
/barrierefreiheit/,/datenschutz/
/barrierefreiheit/,/barrierefreiheit/
/bestattungsarten/anonyme-bestattung/,/favicon.ico
/bestattungsarten/anonyme-bestattung/,/favicon.svg
/bestattungsarten/anonyme-bestattung/,/apple-touch-icon.png
/bestattungsarten/anonyme-bestattung/,/site.webmanifest
/bestattungsarten/anonyme-bestattung/,/_astro/abschiedsraum.THp6ayMY.css
/bestattungsarten/anonyme-bestattung/,/
/bestattungsarten/anonyme-bestattung/,/im-trauerfall/
/bestattungsarten/anonyme-bestattung/,/im-trauerfall/
/bestattungsarten/anonyme-bestattung/,/im-trauerfall/benoetigte-dokumente/
/bestattungsarten/anonyme-bestattung/,/leistungen/
/bestattungsarten/anonyme-bestattung/,/leistungen/
/bestattungsarten/anonyme-bestattung/,/leistungen/ueberfuehrungen/
/bestattungsarten/anonyme-bestattung/,/leistungen/thanatopraxie/
/bestattungsarten/anonyme-bestattung/,/leistungen/trauerfeier-und-trauerdruck/
/bestattungsarten/anonyme-bestattung/,/leistungen/formalitaeten/
/bestattungsarten/anonyme-bestattung/,/bestattungsarten/
/bestattungsarten/anonyme-bestattung/,/bestattungsarten/
/bestattungsarten/anonyme-bestattung/,/bestattungsarten/erdbestattung/
/bestattungsarten/anonyme-bestattung/,/bestattungsarten/feuerbestattung/
/bestattungsarten/anonyme-bestattung/,/bestattungsarten/seebestattung/
/bestattungsarten/anonyme-bestattung/,/bestattungsarten/anonyme-bestattung/
/bestattungsarten/anonyme-bestattung/,/bestattungsvorsorge/
/bestattungsarten/anonyme-bestattung/,/abschiedsraum/
/bestattungsarten/anonyme-bestattung/,/ueber-uns/
/bestattungsarten/anonyme-bestattung/,/ueber-uns/
/bestattungsarten/anonyme-bestattung/,/ueber-uns/historie/
/bestattungsarten/anonyme-bestattung/,/ueber-uns/galerie/
/bestattungsarten/anonyme-bestattung/,/mediathek/
/bestattungsarten/anonyme-bestattung/,/friedhoefe-in-wuerzburg/
/bestattungsarten/anonyme-bestattung/,/kontakt/
/bestattungsarten/anonyme-bestattung/,/
/bestattungsarten/anonyme-bestattung/,/bestattungsarten/
/bestattungsarten/anonyme-bestattung/,/
/bestattungsarten/anonyme-bestattung/,/im-trauerfall/
/bestattungsarten/anonyme-bestattung/,/leistungen/
/bestattungsarten/anonyme-bestattung/,/bestattungsarten/
/bestattungsarten/anonyme-bestattung/,/bestattungsvorsorge/
/bestattungsarten/anonyme-bestattung/,/abschiedsraum/
/bestattungsarten/anonyme-bestattung/,/ueber-uns/
/bestattungsarten/anonyme-bestattung/,/mediathek/
/bestattungsarten/anonyme-bestattung/,/friedhoefe-in-wuerzburg/
/bestattungsarten/anonyme-bestattung/,/kontakt/
/bestattungsarten/anonyme-bestattung/,/impressum/
/bestattungsarten/anonyme-bestattung/,/datenschutz/
/bestattungsarten/anonyme-bestattung/,/barrierefreiheit/
/bestattungsarten/erdbestattung/,/favicon.ico
/bestattungsarten/erdbestattung/,/favicon.svg
/bestattungsarten/erdbestattung/,/apple-touch-icon.png
/bestattungsarten/erdbestattung/,/site.webmanifest
/bestattungsarten/erdbestattung/,/_astro/abschiedsraum.THp6ayMY.css
/bestattungsarten/erdbestattung/,/
/bestattungsarten/erdbestattung/,/im-trauerfall/
/bestattungsarten/erdbestattung/,/im-trauerfall/
/bestattungsarten/erdbestattung/,/im-trauerfall/benoetigte-dokumente/
/bestattungsarten/erdbestattung/,/leistungen/
/bestattungsarten/erdbestattung/,/leistungen/
/bestattungsarten/erdbestattung/,/leistungen/ueberfuehrungen/
/bestattungsarten/erdbestattung/,/leistungen/thanatopraxie/
/bestattungsarten/erdbestattung/,/leistungen/trauerfeier-und-trauerdruck/
/bestattungsarten/erdbestattung/,/leistungen/formalitaeten/
/bestattungsarten/erdbestattung/,/bestattungsarten/
/bestattungsarten/erdbestattung/,/bestattungsarten/
/bestattungsarten/erdbestattung/,/bestattungsarten/erdbestattung/
/bestattungsarten/erdbestattung/,/bestattungsarten/feuerbestattung/
/bestattungsarten/erdbestattung/,/bestattungsarten/seebestattung/
/bestattungsarten/erdbestattung/,/bestattungsarten/anonyme-bestattung/
/bestattungsarten/erdbestattung/,/bestattungsvorsorge/
/bestattungsarten/erdbestattung/,/abschiedsraum/
/bestattungsarten/erdbestattung/,/ueber-uns/
/bestattungsarten/erdbestattung/,/ueber-uns/
/bestattungsarten/erdbestattung/,/ueber-uns/historie/
/bestattungsarten/erdbestattung/,/ueber-uns/galerie/
/bestattungsarten/erdbestattung/,/mediathek/
/bestattungsarten/erdbestattung/,/friedhoefe-in-wuerzburg/
/bestattungsarten/erdbestattung/,/kontakt/
/bestattungsarten/erdbestattung/,/
/bestattungsarten/erdbestattung/,/bestattungsarten/
/bestattungsarten/erdbestattung/,/
/bestattungsarten/erdbestattung/,/im-trauerfall/
/bestattungsarten/erdbestattung/,/leistungen/
/bestattungsarten/erdbestattung/,/bestattungsarten/
/bestattungsarten/erdbestattung/,/bestattungsvorsorge/
/bestattungsarten/erdbestattung/,/abschiedsraum/
/bestattungsarten/erdbestattung/,/ueber-uns/
/bestattungsarten/erdbestattung/,/mediathek/
/bestattungsarten/erdbestattung/,/friedhoefe-in-wuerzburg/
/bestattungsarten/erdbestattung/,/kontakt/
/bestattungsarten/erdbestattung/,/impressum/
/bestattungsarten/erdbestattung/,/datenschutz/
/bestattungsarten/erdbestattung/,/barrierefreiheit/
/bestattungsarten/feuerbestattung/,/favicon.ico
/bestattungsarten/feuerbestattung/,/favicon.svg
/bestattungsarten/feuerbestattung/,/apple-touch-icon.png
/bestattungsarten/feuerbestattung/,/site.webmanifest
/bestattungsarten/feuerbestattung/,/_astro/abschiedsraum.THp6ayMY.css
/bestattungsarten/feuerbestattung/,/
/bestattungsarten/feuerbestattung/,/im-trauerfall/
/bestattungsarten/feuerbestattung/,/im-trauerfall/
/bestattungsarten/feuerbestattung/,/im-trauerfall/benoetigte-dokumente/
/bestattungsarten/feuerbestattung/,/leistungen/
/bestattungsarten/feuerbestattung/,/leistungen/
/bestattungsarten/feuerbestattung/,/leistungen/ueberfuehrungen/
/bestattungsarten/feuerbestattung/,/leistungen/thanatopraxie/
/bestattungsarten/feuerbestattung/,/leistungen/trauerfeier-und-trauerdruck/
/bestattungsarten/feuerbestattung/,/leistungen/formalitaeten/
/bestattungsarten/feuerbestattung/,/bestattungsarten/
/bestattungsarten/feuerbestattung/,/bestattungsarten/
/bestattungsarten/feuerbestattung/,/bestattungsarten/erdbestattung/
/bestattungsarten/feuerbestattung/,/bestattungsarten/feuerbestattung/
/bestattungsarten/feuerbestattung/,/bestattungsarten/seebestattung/
/bestattungsarten/feuerbestattung/,/bestattungsarten/anonyme-bestattung/
/bestattungsarten/feuerbestattung/,/bestattungsvorsorge/
/bestattungsarten/feuerbestattung/,/abschiedsraum/
/bestattungsarten/feuerbestattung/,/ueber-uns/
/bestattungsarten/feuerbestattung/,/ueber-uns/
/bestattungsarten/feuerbestattung/,/ueber-uns/historie/
/bestattungsarten/feuerbestattung/,/ueber-uns/galerie/
/bestattungsarten/feuerbestattung/,/mediathek/
/bestattungsarten/feuerbestattung/,/friedhoefe-in-wuerzburg/
/bestattungsarten/feuerbestattung/,/kontakt/
/bestattungsarten/feuerbestattung/,/
/bestattungsarten/feuerbestattung/,/bestattungsarten/
/bestattungsarten/feuerbestattung/,/
/bestattungsarten/feuerbestattung/,/im-trauerfall/
/bestattungsarten/feuerbestattung/,/leistungen/
/bestattungsarten/feuerbestattung/,/bestattungsarten/
/bestattungsarten/feuerbestattung/,/bestattungsvorsorge/
/bestattungsarten/feuerbestattung/,/abschiedsraum/
/bestattungsarten/feuerbestattung/,/ueber-uns/
/bestattungsarten/feuerbestattung/,/mediathek/
/bestattungsarten/feuerbestattung/,/friedhoefe-in-wuerzburg/
/bestattungsarten/feuerbestattung/,/kontakt/
/bestattungsarten/feuerbestattung/,/impressum/
/bestattungsarten/feuerbestattung/,/datenschutz/
/bestattungsarten/feuerbestattung/,/barrierefreiheit/
/bestattungsarten/,/favicon.ico
/bestattungsarten/,/favicon.svg
/bestattungsarten/,/apple-touch-icon.png
/bestattungsarten/,/site.webmanifest
/bestattungsarten/,/_astro/abschiedsraum.THp6ayMY.css
/bestattungsarten/,/
/bestattungsarten/,/im-trauerfall/
/bestattungsarten/,/im-trauerfall/
/bestattungsarten/,/im-trauerfall/benoetigte-dokumente/
/bestattungsarten/,/leistungen/
/bestattungsarten/,/leistungen/
/bestattungsarten/,/leistungen/ueberfuehrungen/
/bestattungsarten/,/leistungen/thanatopraxie/
/bestattungsarten/,/leistungen/trauerfeier-und-trauerdruck/
/bestattungsarten/,/leistungen/formalitaeten/
/bestattungsarten/,/bestattungsarten/
/bestattungsarten/,/bestattungsarten/
/bestattungsarten/,/bestattungsarten/erdbestattung/
/bestattungsarten/,/bestattungsarten/feuerbestattung/
/bestattungsarten/,/bestattungsarten/seebestattung/
/bestattungsarten/,/bestattungsarten/anonyme-bestattung/
/bestattungsarten/,/bestattungsvorsorge/
/bestattungsarten/,/abschiedsraum/
/bestattungsarten/,/ueber-uns/
/bestattungsarten/,/ueber-uns/
/bestattungsarten/,/ueber-uns/historie/
/bestattungsarten/,/ueber-uns/galerie/
/bestattungsarten/,/mediathek/
/bestattungsarten/,/friedhoefe-in-wuerzburg/
/bestattungsarten/,/kontakt/
/bestattungsarten/,/
/bestattungsarten/,/bestattungsarten/erdbestattung/
/bestattungsarten/,/bestattungsarten/feuerbestattung/
/bestattungsarten/,/bestattungsarten/seebestattung/
/bestattungsarten/,/bestattungsarten/anonyme-bestattung/
/bestattungsarten/,/
/bestattungsarten/,/im-trauerfall/
/bestattungsarten/,/leistungen/
/bestattungsarten/,/bestattungsarten/
/bestattungsarten/,/bestattungsvorsorge/
/bestattungsarten/,/abschiedsraum/
/bestattungsarten/,/ueber-uns/
/bestattungsarten/,/mediathek/
/bestattungsarten/,/friedhoefe-in-wuerzburg/
/bestattungsarten/,/kontakt/
/bestattungsarten/,/impressum/
/bestattungsarten/,/datenschutz/
/bestattungsarten/,/barrierefreiheit/
/bestattungsarten/seebestattung/,/favicon.ico
/bestattungsarten/seebestattung/,/favicon.svg
/bestattungsarten/seebestattung/,/apple-touch-icon.png
/bestattungsarten/seebestattung/,/site.webmanifest
/bestattungsarten/seebestattung/,/_astro/abschiedsraum.THp6ayMY.css
/bestattungsarten/seebestattung/,/
/bestattungsarten/seebestattung/,/im-trauerfall/
/bestattungsarten/seebestattung/,/im-trauerfall/
/bestattungsarten/seebestattung/,/im-trauerfall/benoetigte-dokumente/
/bestattungsarten/seebestattung/,/leistungen/
/bestattungsarten/seebestattung/,/leistungen/
/bestattungsarten/seebestattung/,/leistungen/ueberfuehrungen/
/bestattungsarten/seebestattung/,/leistungen/thanatopraxie/
/bestattungsarten/seebestattung/,/leistungen/trauerfeier-und-trauerdruck/
/bestattungsarten/seebestattung/,/leistungen/formalitaeten/
/bestattungsarten/seebestattung/,/bestattungsarten/
/bestattungsarten/seebestattung/,/bestattungsarten/
/bestattungsarten/seebestattung/,/bestattungsarten/erdbestattung/
/bestattungsarten/seebestattung/,/bestattungsarten/feuerbestattung/
/bestattungsarten/seebestattung/,/bestattungsarten/seebestattung/
/bestattungsarten/seebestattung/,/bestattungsarten/anonyme-bestattung/
/bestattungsarten/seebestattung/,/bestattungsvorsorge/
/bestattungsarten/seebestattung/,/abschiedsraum/
/bestattungsarten/seebestattung/,/ueber-uns/
/bestattungsarten/seebestattung/,/ueber-uns/
/bestattungsarten/seebestattung/,/ueber-uns/historie/
/bestattungsarten/seebestattung/,/ueber-uns/galerie/
/bestattungsarten/seebestattung/,/mediathek/
/bestattungsarten/seebestattung/,/friedhoefe-in-wuerzburg/
/bestattungsarten/seebestattung/,/kontakt/
/bestattungsarten/seebestattung/,/
/bestattungsarten/seebestattung/,/bestattungsarten/
/bestattungsarten/seebestattung/,/
/bestattungsarten/seebestattung/,/im-trauerfall/
/bestattungsarten/seebestattung/,/leistungen/
/bestattungsarten/seebestattung/,/bestattungsarten/
/bestattungsarten/seebestattung/,/bestattungsvorsorge/
/bestattungsarten/seebestattung/,/abschiedsraum/
/bestattungsarten/seebestattung/,/ueber-uns/
/bestattungsarten/seebestattung/,/mediathek/
/bestattungsarten/seebestattung/,/friedhoefe-in-wuerzburg/
/bestattungsarten/seebestattung/,/kontakt/
/bestattungsarten/seebestattung/,/impressum/
/bestattungsarten/seebestattung/,/datenschutz/
/bestattungsarten/seebestattung/,/barrierefreiheit/
/bestattungsvorsorge/,/favicon.ico
/bestattungsvorsorge/,/favicon.svg
/bestattungsvorsorge/,/apple-touch-icon.png
/bestattungsvorsorge/,/site.webmanifest
/bestattungsvorsorge/,/_astro/abschiedsraum.THp6ayMY.css
/bestattungsvorsorge/,/
/bestattungsvorsorge/,/im-trauerfall/
/bestattungsvorsorge/,/im-trauerfall/
/bestattungsvorsorge/,/im-trauerfall/benoetigte-dokumente/
/bestattungsvorsorge/,/leistungen/
/bestattungsvorsorge/,/leistungen/
/bestattungsvorsorge/,/leistungen/ueberfuehrungen/
/bestattungsvorsorge/,/leistungen/thanatopraxie/
/bestattungsvorsorge/,/leistungen/trauerfeier-und-trauerdruck/
/bestattungsvorsorge/,/leistungen/formalitaeten/
/bestattungsvorsorge/,/bestattungsarten/
/bestattungsvorsorge/,/bestattungsarten/
/bestattungsvorsorge/,/bestattungsarten/erdbestattung/
/bestattungsvorsorge/,/bestattungsarten/feuerbestattung/
/bestattungsvorsorge/,/bestattungsarten/seebestattung/
/bestattungsvorsorge/,/bestattungsarten/anonyme-bestattung/
/bestattungsvorsorge/,/bestattungsvorsorge/
/bestattungsvorsorge/,/abschiedsraum/
/bestattungsvorsorge/,/ueber-uns/
/bestattungsvorsorge/,/ueber-uns/
/bestattungsvorsorge/,/ueber-uns/historie/
/bestattungsvorsorge/,/ueber-uns/galerie/
/bestattungsvorsorge/,/mediathek/
/bestattungsvorsorge/,/friedhoefe-in-wuerzburg/
/bestattungsvorsorge/,/kontakt/
/bestattungsvorsorge/,/
/bestattungsvorsorge/,/
/bestattungsvorsorge/,/im-trauerfall/
/bestattungsvorsorge/,/leistungen/
/bestattungsvorsorge/,/bestattungsarten/
/bestattungsvorsorge/,/bestattungsvorsorge/
/bestattungsvorsorge/,/abschiedsraum/
/bestattungsvorsorge/,/ueber-uns/
/bestattungsvorsorge/,/mediathek/
/bestattungsvorsorge/,/friedhoefe-in-wuerzburg/
/bestattungsvorsorge/,/kontakt/
/bestattungsvorsorge/,/impressum/
/bestattungsvorsorge/,/datenschutz/
/bestattungsvorsorge/,/barrierefreiheit/
/datenschutz/,/favicon.ico
/datenschutz/,/favicon.svg
/datenschutz/,/apple-touch-icon.png
/datenschutz/,/site.webmanifest
/datenschutz/,/_astro/abschiedsraum.THp6ayMY.css
/datenschutz/,/
/datenschutz/,/im-trauerfall/
/datenschutz/,/im-trauerfall/
/datenschutz/,/im-trauerfall/benoetigte-dokumente/
/datenschutz/,/leistungen/
/datenschutz/,/leistungen/
/datenschutz/,/leistungen/ueberfuehrungen/
/datenschutz/,/leistungen/thanatopraxie/
/datenschutz/,/leistungen/trauerfeier-und-trauerdruck/
/datenschutz/,/leistungen/formalitaeten/
/datenschutz/,/bestattungsarten/
/datenschutz/,/bestattungsarten/
/datenschutz/,/bestattungsarten/erdbestattung/
/datenschutz/,/bestattungsarten/feuerbestattung/
/datenschutz/,/bestattungsarten/seebestattung/
/datenschutz/,/bestattungsarten/anonyme-bestattung/
/datenschutz/,/bestattungsvorsorge/
/datenschutz/,/abschiedsraum/
/datenschutz/,/ueber-uns/
/datenschutz/,/ueber-uns/
/datenschutz/,/ueber-uns/historie/
/datenschutz/,/ueber-uns/galerie/
/datenschutz/,/mediathek/
/datenschutz/,/friedhoefe-in-wuerzburg/
/datenschutz/,/kontakt/
/datenschutz/,/
/datenschutz/,/
/datenschutz/,/im-trauerfall/
/datenschutz/,/leistungen/
/datenschutz/,/bestattungsarten/
/datenschutz/,/bestattungsvorsorge/
/datenschutz/,/abschiedsraum/
/datenschutz/,/ueber-uns/
/datenschutz/,/mediathek/
/datenschutz/,/friedhoefe-in-wuerzburg/
/datenschutz/,/kontakt/
/datenschutz/,/impressum/
/datenschutz/,/datenschutz/
/datenschutz/,/barrierefreiheit/
/friedhoefe-in-wuerzburg/,/favicon.ico
/friedhoefe-in-wuerzburg/,/favicon.svg
/friedhoefe-in-wuerzburg/,/apple-touch-icon.png
/friedhoefe-in-wuerzburg/,/site.webmanifest
/friedhoefe-in-wuerzburg/,/_astro/abschiedsraum.THp6ayMY.css
/friedhoefe-in-wuerzburg/,/
/friedhoefe-in-wuerzburg/,/im-trauerfall/
/friedhoefe-in-wuerzburg/,/im-trauerfall/
/friedhoefe-in-wuerzburg/,/im-trauerfall/benoetigte-dokumente/
/friedhoefe-in-wuerzburg/,/leistungen/
/friedhoefe-in-wuerzburg/,/leistungen/
/friedhoefe-in-wuerzburg/,/leistungen/ueberfuehrungen/
/friedhoefe-in-wuerzburg/,/leistungen/thanatopraxie/
/friedhoefe-in-wuerzburg/,/leistungen/trauerfeier-und-trauerdruck/
/friedhoefe-in-wuerzburg/,/leistungen/formalitaeten/
/friedhoefe-in-wuerzburg/,/bestattungsarten/
/friedhoefe-in-wuerzburg/,/bestattungsarten/
/friedhoefe-in-wuerzburg/,/bestattungsarten/erdbestattung/
/friedhoefe-in-wuerzburg/,/bestattungsarten/feuerbestattung/
/friedhoefe-in-wuerzburg/,/bestattungsarten/seebestattung/
/friedhoefe-in-wuerzburg/,/bestattungsarten/anonyme-bestattung/
/friedhoefe-in-wuerzburg/,/bestattungsvorsorge/
/friedhoefe-in-wuerzburg/,/abschiedsraum/
/friedhoefe-in-wuerzburg/,/ueber-uns/
/friedhoefe-in-wuerzburg/,/ueber-uns/
/friedhoefe-in-wuerzburg/,/ueber-uns/historie/
/friedhoefe-in-wuerzburg/,/ueber-uns/galerie/
/friedhoefe-in-wuerzburg/,/mediathek/
/friedhoefe-in-wuerzburg/,/friedhoefe-in-wuerzburg/
/friedhoefe-in-wuerzburg/,/kontakt/
/friedhoefe-in-wuerzburg/,/
/friedhoefe-in-wuerzburg/,/
/friedhoefe-in-wuerzburg/,/im-trauerfall/
/friedhoefe-in-wuerzburg/,/leistungen/
/friedhoefe-in-wuerzburg/,/bestattungsarten/
/friedhoefe-in-wuerzburg/,/bestattungsvorsorge/
/friedhoefe-in-wuerzburg/,/abschiedsraum/
/friedhoefe-in-wuerzburg/,/ueber-uns/
/friedhoefe-in-wuerzburg/,/mediathek/
/friedhoefe-in-wuerzburg/,/friedhoefe-in-wuerzburg/
/friedhoefe-in-wuerzburg/,/kontakt/
/friedhoefe-in-wuerzburg/,/impressum/
/friedhoefe-in-wuerzburg/,/datenschutz/
/friedhoefe-in-wuerzburg/,/barrierefreiheit/
/im-trauerfall/benoetigte-dokumente/,/favicon.ico
/im-trauerfall/benoetigte-dokumente/,/favicon.svg
/im-trauerfall/benoetigte-dokumente/,/apple-touch-icon.png
/im-trauerfall/benoetigte-dokumente/,/site.webmanifest
/im-trauerfall/benoetigte-dokumente/,/_astro/abschiedsraum.THp6ayMY.css
/im-trauerfall/benoetigte-dokumente/,/
/im-trauerfall/benoetigte-dokumente/,/im-trauerfall/
/im-trauerfall/benoetigte-dokumente/,/im-trauerfall/
/im-trauerfall/benoetigte-dokumente/,/im-trauerfall/benoetigte-dokumente/
/im-trauerfall/benoetigte-dokumente/,/leistungen/
/im-trauerfall/benoetigte-dokumente/,/leistungen/
/im-trauerfall/benoetigte-dokumente/,/leistungen/ueberfuehrungen/
/im-trauerfall/benoetigte-dokumente/,/leistungen/thanatopraxie/
/im-trauerfall/benoetigte-dokumente/,/leistungen/trauerfeier-und-trauerdruck/
/im-trauerfall/benoetigte-dokumente/,/leistungen/formalitaeten/
/im-trauerfall/benoetigte-dokumente/,/bestattungsarten/
/im-trauerfall/benoetigte-dokumente/,/bestattungsarten/
/im-trauerfall/benoetigte-dokumente/,/bestattungsarten/erdbestattung/
/im-trauerfall/benoetigte-dokumente/,/bestattungsarten/feuerbestattung/
/im-trauerfall/benoetigte-dokumente/,/bestattungsarten/seebestattung/
/im-trauerfall/benoetigte-dokumente/,/bestattungsarten/anonyme-bestattung/
/im-trauerfall/benoetigte-dokumente/,/bestattungsvorsorge/
/im-trauerfall/benoetigte-dokumente/,/abschiedsraum/
/im-trauerfall/benoetigte-dokumente/,/ueber-uns/
/im-trauerfall/benoetigte-dokumente/,/ueber-uns/
/im-trauerfall/benoetigte-dokumente/,/ueber-uns/historie/
/im-trauerfall/benoetigte-dokumente/,/ueber-uns/galerie/
/im-trauerfall/benoetigte-dokumente/,/mediathek/
/im-trauerfall/benoetigte-dokumente/,/friedhoefe-in-wuerzburg/
/im-trauerfall/benoetigte-dokumente/,/kontakt/
/im-trauerfall/benoetigte-dokumente/,/
/im-trauerfall/benoetigte-dokumente/,/im-trauerfall/
/im-trauerfall/benoetigte-dokumente/,/
/im-trauerfall/benoetigte-dokumente/,/im-trauerfall/
/im-trauerfall/benoetigte-dokumente/,/leistungen/
/im-trauerfall/benoetigte-dokumente/,/bestattungsarten/
/im-trauerfall/benoetigte-dokumente/,/bestattungsvorsorge/
/im-trauerfall/benoetigte-dokumente/,/abschiedsraum/
/im-trauerfall/benoetigte-dokumente/,/ueber-uns/
/im-trauerfall/benoetigte-dokumente/,/mediathek/
/im-trauerfall/benoetigte-dokumente/,/friedhoefe-in-wuerzburg/
/im-trauerfall/benoetigte-dokumente/,/kontakt/
/im-trauerfall/benoetigte-dokumente/,/impressum/
/im-trauerfall/benoetigte-dokumente/,/datenschutz/
/im-trauerfall/benoetigte-dokumente/,/barrierefreiheit/
/im-trauerfall/,/favicon.ico
/im-trauerfall/,/favicon.svg
/im-trauerfall/,/apple-touch-icon.png
/im-trauerfall/,/site.webmanifest
/im-trauerfall/,/_astro/abschiedsraum.THp6ayMY.css
/im-trauerfall/,/
/im-trauerfall/,/im-trauerfall/
/im-trauerfall/,/im-trauerfall/
/im-trauerfall/,/im-trauerfall/benoetigte-dokumente/
/im-trauerfall/,/leistungen/
/im-trauerfall/,/leistungen/
/im-trauerfall/,/leistungen/ueberfuehrungen/
/im-trauerfall/,/leistungen/thanatopraxie/
/im-trauerfall/,/leistungen/trauerfeier-und-trauerdruck/
/im-trauerfall/,/leistungen/formalitaeten/
/im-trauerfall/,/bestattungsarten/
/im-trauerfall/,/bestattungsarten/
/im-trauerfall/,/bestattungsarten/erdbestattung/
/im-trauerfall/,/bestattungsarten/feuerbestattung/
/im-trauerfall/,/bestattungsarten/seebestattung/
/im-trauerfall/,/bestattungsarten/anonyme-bestattung/
/im-trauerfall/,/bestattungsvorsorge/
/im-trauerfall/,/abschiedsraum/
/im-trauerfall/,/ueber-uns/
/im-trauerfall/,/ueber-uns/
/im-trauerfall/,/ueber-uns/historie/
/im-trauerfall/,/ueber-uns/galerie/
/im-trauerfall/,/mediathek/
/im-trauerfall/,/friedhoefe-in-wuerzburg/
/im-trauerfall/,/kontakt/
/im-trauerfall/,/
/im-trauerfall/,/im-trauerfall/benoetigte-dokumente/
/im-trauerfall/,/
/im-trauerfall/,/im-trauerfall/
/im-trauerfall/,/leistungen/
/im-trauerfall/,/bestattungsarten/
/im-trauerfall/,/bestattungsvorsorge/
/im-trauerfall/,/abschiedsraum/
/im-trauerfall/,/ueber-uns/
/im-trauerfall/,/mediathek/
/im-trauerfall/,/friedhoefe-in-wuerzburg/
/im-trauerfall/,/kontakt/
/im-trauerfall/,/impressum/
/im-trauerfall/,/datenschutz/
/im-trauerfall/,/barrierefreiheit/
/impressum/,/favicon.ico
/impressum/,/favicon.svg
/impressum/,/apple-touch-icon.png
/impressum/,/site.webmanifest
/impressum/,/_astro/abschiedsraum.THp6ayMY.css
/impressum/,/
/impressum/,/im-trauerfall/
/impressum/,/im-trauerfall/
/impressum/,/im-trauerfall/benoetigte-dokumente/
/impressum/,/leistungen/
/impressum/,/leistungen/
/impressum/,/leistungen/ueberfuehrungen/
/impressum/,/leistungen/thanatopraxie/
/impressum/,/leistungen/trauerfeier-und-trauerdruck/
/impressum/,/leistungen/formalitaeten/
/impressum/,/bestattungsarten/
/impressum/,/bestattungsarten/
/impressum/,/bestattungsarten/erdbestattung/
/impressum/,/bestattungsarten/feuerbestattung/
/impressum/,/bestattungsarten/seebestattung/
/impressum/,/bestattungsarten/anonyme-bestattung/
/impressum/,/bestattungsvorsorge/
/impressum/,/abschiedsraum/
/impressum/,/ueber-uns/
/impressum/,/ueber-uns/
/impressum/,/ueber-uns/historie/
/impressum/,/ueber-uns/galerie/
/impressum/,/mediathek/
/impressum/,/friedhoefe-in-wuerzburg/
/impressum/,/kontakt/
/impressum/,/
/impressum/,/
/impressum/,/im-trauerfall/
/impressum/,/leistungen/
/impressum/,/bestattungsarten/
/impressum/,/bestattungsvorsorge/
/impressum/,/abschiedsraum/
/impressum/,/ueber-uns/
/impressum/,/mediathek/
/impressum/,/friedhoefe-in-wuerzburg/
/impressum/,/kontakt/
/impressum/,/impressum/
/impressum/,/datenschutz/
/impressum/,/barrierefreiheit/
/,/favicon.ico
/,/favicon.svg
/,/apple-touch-icon.png
/,/site.webmanifest
/,/_astro/abschiedsraum.THp6ayMY.css
/,/
/,/im-trauerfall/
/,/im-trauerfall/
/,/im-trauerfall/benoetigte-dokumente/
/,/leistungen/
/,/leistungen/
/,/leistungen/ueberfuehrungen/
/,/leistungen/thanatopraxie/
/,/leistungen/trauerfeier-und-trauerdruck/
/,/leistungen/formalitaeten/
/,/bestattungsarten/
/,/bestattungsarten/
/,/bestattungsarten/erdbestattung/
/,/bestattungsarten/feuerbestattung/
/,/bestattungsarten/seebestattung/
/,/bestattungsarten/anonyme-bestattung/
/,/bestattungsvorsorge/
/,/abschiedsraum/
/,/ueber-uns/
/,/ueber-uns/
/,/ueber-uns/historie/
/,/ueber-uns/galerie/
/,/mediathek/
/,/friedhoefe-in-wuerzburg/
/,/kontakt/
/,/bestattungsvorsorge/
/,/im-trauerfall/
/,/bestattungsarten/
/,/leistungen/ueberfuehrungen/
/,/leistungen/thanatopraxie/
/,/abschiedsraum/
/,/bestattungsvorsorge/
/,/abschiedsraum/
/,/bestattungsvorsorge/
/,/ueber-uns/
/,/ueber-uns/historie/
/,/mediathek/
/,/kontakt/
/,/
/,/im-trauerfall/
/,/leistungen/
/,/bestattungsarten/
/,/bestattungsvorsorge/
/,/abschiedsraum/
/,/ueber-uns/
/,/mediathek/
/,/friedhoefe-in-wuerzburg/
/,/kontakt/
/,/impressum/
/,/datenschutz/
/,/barrierefreiheit/
/kontakt/,/favicon.ico
/kontakt/,/favicon.svg
/kontakt/,/apple-touch-icon.png
/kontakt/,/site.webmanifest
/kontakt/,/_astro/abschiedsraum.THp6ayMY.css
/kontakt/,/
/kontakt/,/im-trauerfall/
/kontakt/,/im-trauerfall/
/kontakt/,/im-trauerfall/benoetigte-dokumente/
/kontakt/,/leistungen/
/kontakt/,/leistungen/
/kontakt/,/leistungen/ueberfuehrungen/
/kontakt/,/leistungen/thanatopraxie/
/kontakt/,/leistungen/trauerfeier-und-trauerdruck/
/kontakt/,/leistungen/formalitaeten/
/kontakt/,/bestattungsarten/
/kontakt/,/bestattungsarten/
/kontakt/,/bestattungsarten/erdbestattung/
/kontakt/,/bestattungsarten/feuerbestattung/
/kontakt/,/bestattungsarten/seebestattung/
/kontakt/,/bestattungsarten/anonyme-bestattung/
/kontakt/,/bestattungsvorsorge/
/kontakt/,/abschiedsraum/
/kontakt/,/ueber-uns/
/kontakt/,/ueber-uns/
/kontakt/,/ueber-uns/historie/
/kontakt/,/ueber-uns/galerie/
/kontakt/,/mediathek/
/kontakt/,/friedhoefe-in-wuerzburg/
/kontakt/,/kontakt/
/kontakt/,/
/kontakt/,/
/kontakt/,/im-trauerfall/
/kontakt/,/leistungen/
/kontakt/,/bestattungsarten/
/kontakt/,/bestattungsvorsorge/
/kontakt/,/abschiedsraum/
/kontakt/,/ueber-uns/
/kontakt/,/mediathek/
/kontakt/,/friedhoefe-in-wuerzburg/
/kontakt/,/kontakt/
/kontakt/,/impressum/
/kontakt/,/datenschutz/
/kontakt/,/barrierefreiheit/
/leistungen/formalitaeten/,/favicon.ico
/leistungen/formalitaeten/,/favicon.svg
/leistungen/formalitaeten/,/apple-touch-icon.png
/leistungen/formalitaeten/,/site.webmanifest
/leistungen/formalitaeten/,/_astro/abschiedsraum.THp6ayMY.css
/leistungen/formalitaeten/,/
/leistungen/formalitaeten/,/im-trauerfall/
/leistungen/formalitaeten/,/im-trauerfall/
/leistungen/formalitaeten/,/im-trauerfall/benoetigte-dokumente/
/leistungen/formalitaeten/,/leistungen/
/leistungen/formalitaeten/,/leistungen/
/leistungen/formalitaeten/,/leistungen/ueberfuehrungen/
/leistungen/formalitaeten/,/leistungen/thanatopraxie/
/leistungen/formalitaeten/,/leistungen/trauerfeier-und-trauerdruck/
/leistungen/formalitaeten/,/leistungen/formalitaeten/
/leistungen/formalitaeten/,/bestattungsarten/
/leistungen/formalitaeten/,/bestattungsarten/
/leistungen/formalitaeten/,/bestattungsarten/erdbestattung/
/leistungen/formalitaeten/,/bestattungsarten/feuerbestattung/
/leistungen/formalitaeten/,/bestattungsarten/seebestattung/
/leistungen/formalitaeten/,/bestattungsarten/anonyme-bestattung/
/leistungen/formalitaeten/,/bestattungsvorsorge/
/leistungen/formalitaeten/,/abschiedsraum/
/leistungen/formalitaeten/,/ueber-uns/
/leistungen/formalitaeten/,/ueber-uns/
/leistungen/formalitaeten/,/ueber-uns/historie/
/leistungen/formalitaeten/,/ueber-uns/galerie/
/leistungen/formalitaeten/,/mediathek/
/leistungen/formalitaeten/,/friedhoefe-in-wuerzburg/
/leistungen/formalitaeten/,/kontakt/
/leistungen/formalitaeten/,/
/leistungen/formalitaeten/,/leistungen/
/leistungen/formalitaeten/,/im-trauerfall/benoetigte-dokumente/
/leistungen/formalitaeten/,/
/leistungen/formalitaeten/,/im-trauerfall/
/leistungen/formalitaeten/,/leistungen/
/leistungen/formalitaeten/,/bestattungsarten/
/leistungen/formalitaeten/,/bestattungsvorsorge/
/leistungen/formalitaeten/,/abschiedsraum/
/leistungen/formalitaeten/,/ueber-uns/
/leistungen/formalitaeten/,/mediathek/
/leistungen/formalitaeten/,/friedhoefe-in-wuerzburg/
/leistungen/formalitaeten/,/kontakt/
/leistungen/formalitaeten/,/impressum/
/leistungen/formalitaeten/,/datenschutz/
/leistungen/formalitaeten/,/barrierefreiheit/
/leistungen/,/favicon.ico
/leistungen/,/favicon.svg
/leistungen/,/apple-touch-icon.png
/leistungen/,/site.webmanifest
/leistungen/,/_astro/abschiedsraum.THp6ayMY.css
/leistungen/,/
/leistungen/,/im-trauerfall/
/leistungen/,/im-trauerfall/
/leistungen/,/im-trauerfall/benoetigte-dokumente/
/leistungen/,/leistungen/
/leistungen/,/leistungen/
/leistungen/,/leistungen/ueberfuehrungen/
/leistungen/,/leistungen/thanatopraxie/
/leistungen/,/leistungen/trauerfeier-und-trauerdruck/
/leistungen/,/leistungen/formalitaeten/
/leistungen/,/bestattungsarten/
/leistungen/,/bestattungsarten/
/leistungen/,/bestattungsarten/erdbestattung/
/leistungen/,/bestattungsarten/feuerbestattung/
/leistungen/,/bestattungsarten/seebestattung/
/leistungen/,/bestattungsarten/anonyme-bestattung/
/leistungen/,/bestattungsvorsorge/
/leistungen/,/abschiedsraum/
/leistungen/,/ueber-uns/
/leistungen/,/ueber-uns/
/leistungen/,/ueber-uns/historie/
/leistungen/,/ueber-uns/galerie/
/leistungen/,/mediathek/
/leistungen/,/friedhoefe-in-wuerzburg/
/leistungen/,/kontakt/
/leistungen/,/
/leistungen/,/leistungen/ueberfuehrungen/
/leistungen/,/leistungen/thanatopraxie/
/leistungen/,/leistungen/trauerfeier-und-trauerdruck/
/leistungen/,/leistungen/formalitaeten/
/leistungen/,/bestattungsarten/
/leistungen/,/bestattungsvorsorge/
/leistungen/,/
/leistungen/,/im-trauerfall/
/leistungen/,/leistungen/
/leistungen/,/bestattungsarten/
/leistungen/,/bestattungsvorsorge/
/leistungen/,/abschiedsraum/
/leistungen/,/ueber-uns/
/leistungen/,/mediathek/
/leistungen/,/friedhoefe-in-wuerzburg/
/leistungen/,/kontakt/
/leistungen/,/impressum/
/leistungen/,/datenschutz/
/leistungen/,/barrierefreiheit/
/leistungen/thanatopraxie/,/favicon.ico
/leistungen/thanatopraxie/,/favicon.svg
/leistungen/thanatopraxie/,/apple-touch-icon.png
/leistungen/thanatopraxie/,/site.webmanifest
/leistungen/thanatopraxie/,/_astro/abschiedsraum.THp6ayMY.css
/leistungen/thanatopraxie/,/
/leistungen/thanatopraxie/,/im-trauerfall/
/leistungen/thanatopraxie/,/im-trauerfall/
/leistungen/thanatopraxie/,/im-trauerfall/benoetigte-dokumente/
/leistungen/thanatopraxie/,/leistungen/
/leistungen/thanatopraxie/,/leistungen/
/leistungen/thanatopraxie/,/leistungen/ueberfuehrungen/
/leistungen/thanatopraxie/,/leistungen/thanatopraxie/
/leistungen/thanatopraxie/,/leistungen/trauerfeier-und-trauerdruck/
/leistungen/thanatopraxie/,/leistungen/formalitaeten/
/leistungen/thanatopraxie/,/bestattungsarten/
/leistungen/thanatopraxie/,/bestattungsarten/
/leistungen/thanatopraxie/,/bestattungsarten/erdbestattung/
/leistungen/thanatopraxie/,/bestattungsarten/feuerbestattung/
/leistungen/thanatopraxie/,/bestattungsarten/seebestattung/
/leistungen/thanatopraxie/,/bestattungsarten/anonyme-bestattung/
/leistungen/thanatopraxie/,/bestattungsvorsorge/
/leistungen/thanatopraxie/,/abschiedsraum/
/leistungen/thanatopraxie/,/ueber-uns/
/leistungen/thanatopraxie/,/ueber-uns/
/leistungen/thanatopraxie/,/ueber-uns/historie/
/leistungen/thanatopraxie/,/ueber-uns/galerie/
/leistungen/thanatopraxie/,/mediathek/
/leistungen/thanatopraxie/,/friedhoefe-in-wuerzburg/
/leistungen/thanatopraxie/,/kontakt/
/leistungen/thanatopraxie/,/
/leistungen/thanatopraxie/,/leistungen/
/leistungen/thanatopraxie/,/
/leistungen/thanatopraxie/,/im-trauerfall/
/leistungen/thanatopraxie/,/leistungen/
/leistungen/thanatopraxie/,/bestattungsarten/
/leistungen/thanatopraxie/,/bestattungsvorsorge/
/leistungen/thanatopraxie/,/abschiedsraum/
/leistungen/thanatopraxie/,/ueber-uns/
/leistungen/thanatopraxie/,/mediathek/
/leistungen/thanatopraxie/,/friedhoefe-in-wuerzburg/
/leistungen/thanatopraxie/,/kontakt/
/leistungen/thanatopraxie/,/impressum/
/leistungen/thanatopraxie/,/datenschutz/
/leistungen/thanatopraxie/,/barrierefreiheit/
/leistungen/trauerfeier-und-trauerdruck/,/favicon.ico
/leistungen/trauerfeier-und-trauerdruck/,/favicon.svg
/leistungen/trauerfeier-und-trauerdruck/,/apple-touch-icon.png
/leistungen/trauerfeier-und-trauerdruck/,/site.webmanifest
/leistungen/trauerfeier-und-trauerdruck/,/_astro/abschiedsraum.THp6ayMY.css
/leistungen/trauerfeier-und-trauerdruck/,/
/leistungen/trauerfeier-und-trauerdruck/,/im-trauerfall/
/leistungen/trauerfeier-und-trauerdruck/,/im-trauerfall/
/leistungen/trauerfeier-und-trauerdruck/,/im-trauerfall/benoetigte-dokumente/
/leistungen/trauerfeier-und-trauerdruck/,/leistungen/
/leistungen/trauerfeier-und-trauerdruck/,/leistungen/
/leistungen/trauerfeier-und-trauerdruck/,/leistungen/ueberfuehrungen/
/leistungen/trauerfeier-und-trauerdruck/,/leistungen/thanatopraxie/
/leistungen/trauerfeier-und-trauerdruck/,/leistungen/trauerfeier-und-trauerdruck/
/leistungen/trauerfeier-und-trauerdruck/,/leistungen/formalitaeten/
/leistungen/trauerfeier-und-trauerdruck/,/bestattungsarten/
/leistungen/trauerfeier-und-trauerdruck/,/bestattungsarten/
/leistungen/trauerfeier-und-trauerdruck/,/bestattungsarten/erdbestattung/
/leistungen/trauerfeier-und-trauerdruck/,/bestattungsarten/feuerbestattung/
/leistungen/trauerfeier-und-trauerdruck/,/bestattungsarten/seebestattung/
/leistungen/trauerfeier-und-trauerdruck/,/bestattungsarten/anonyme-bestattung/
/leistungen/trauerfeier-und-trauerdruck/,/bestattungsvorsorge/
/leistungen/trauerfeier-und-trauerdruck/,/abschiedsraum/
/leistungen/trauerfeier-und-trauerdruck/,/ueber-uns/
/leistungen/trauerfeier-und-trauerdruck/,/ueber-uns/
/leistungen/trauerfeier-und-trauerdruck/,/ueber-uns/historie/
/leistungen/trauerfeier-und-trauerdruck/,/ueber-uns/galerie/
/leistungen/trauerfeier-und-trauerdruck/,/mediathek/
/leistungen/trauerfeier-und-trauerdruck/,/friedhoefe-in-wuerzburg/
/leistungen/trauerfeier-und-trauerdruck/,/kontakt/
/leistungen/trauerfeier-und-trauerdruck/,/
/leistungen/trauerfeier-und-trauerdruck/,/leistungen/
/leistungen/trauerfeier-und-trauerdruck/,/
/leistungen/trauerfeier-und-trauerdruck/,/im-trauerfall/
/leistungen/trauerfeier-und-trauerdruck/,/leistungen/
/leistungen/trauerfeier-und-trauerdruck/,/bestattungsarten/
/leistungen/trauerfeier-und-trauerdruck/,/bestattungsvorsorge/
/leistungen/trauerfeier-und-trauerdruck/,/abschiedsraum/
/leistungen/trauerfeier-und-trauerdruck/,/ueber-uns/
/leistungen/trauerfeier-und-trauerdruck/,/mediathek/
/leistungen/trauerfeier-und-trauerdruck/,/friedhoefe-in-wuerzburg/
/leistungen/trauerfeier-und-trauerdruck/,/kontakt/
/leistungen/trauerfeier-und-trauerdruck/,/impressum/
/leistungen/trauerfeier-und-trauerdruck/,/datenschutz/
/leistungen/trauerfeier-und-trauerdruck/,/barrierefreiheit/
/leistungen/ueberfuehrungen/,/favicon.ico
/leistungen/ueberfuehrungen/,/favicon.svg
/leistungen/ueberfuehrungen/,/apple-touch-icon.png
/leistungen/ueberfuehrungen/,/site.webmanifest
/leistungen/ueberfuehrungen/,/_astro/abschiedsraum.THp6ayMY.css
/leistungen/ueberfuehrungen/,/
/leistungen/ueberfuehrungen/,/im-trauerfall/
/leistungen/ueberfuehrungen/,/im-trauerfall/
/leistungen/ueberfuehrungen/,/im-trauerfall/benoetigte-dokumente/
/leistungen/ueberfuehrungen/,/leistungen/
/leistungen/ueberfuehrungen/,/leistungen/
/leistungen/ueberfuehrungen/,/leistungen/ueberfuehrungen/
/leistungen/ueberfuehrungen/,/leistungen/thanatopraxie/
/leistungen/ueberfuehrungen/,/leistungen/trauerfeier-und-trauerdruck/
/leistungen/ueberfuehrungen/,/leistungen/formalitaeten/
/leistungen/ueberfuehrungen/,/bestattungsarten/
/leistungen/ueberfuehrungen/,/bestattungsarten/
/leistungen/ueberfuehrungen/,/bestattungsarten/erdbestattung/
/leistungen/ueberfuehrungen/,/bestattungsarten/feuerbestattung/
/leistungen/ueberfuehrungen/,/bestattungsarten/seebestattung/
/leistungen/ueberfuehrungen/,/bestattungsarten/anonyme-bestattung/
/leistungen/ueberfuehrungen/,/bestattungsvorsorge/
/leistungen/ueberfuehrungen/,/abschiedsraum/
/leistungen/ueberfuehrungen/,/ueber-uns/
/leistungen/ueberfuehrungen/,/ueber-uns/
/leistungen/ueberfuehrungen/,/ueber-uns/historie/
/leistungen/ueberfuehrungen/,/ueber-uns/galerie/
/leistungen/ueberfuehrungen/,/mediathek/
/leistungen/ueberfuehrungen/,/friedhoefe-in-wuerzburg/
/leistungen/ueberfuehrungen/,/kontakt/
/leistungen/ueberfuehrungen/,/
/leistungen/ueberfuehrungen/,/leistungen/
/leistungen/ueberfuehrungen/,/
/leistungen/ueberfuehrungen/,/im-trauerfall/
/leistungen/ueberfuehrungen/,/leistungen/
/leistungen/ueberfuehrungen/,/bestattungsarten/
/leistungen/ueberfuehrungen/,/bestattungsvorsorge/
/leistungen/ueberfuehrungen/,/abschiedsraum/
/leistungen/ueberfuehrungen/,/ueber-uns/
/leistungen/ueberfuehrungen/,/mediathek/
/leistungen/ueberfuehrungen/,/friedhoefe-in-wuerzburg/
/leistungen/ueberfuehrungen/,/kontakt/
/leistungen/ueberfuehrungen/,/impressum/
/leistungen/ueberfuehrungen/,/datenschutz/
/leistungen/ueberfuehrungen/,/barrierefreiheit/
/mediathek/,/favicon.ico
/mediathek/,/favicon.svg
/mediathek/,/apple-touch-icon.png
/mediathek/,/site.webmanifest
/mediathek/,/_astro/abschiedsraum.THp6ayMY.css
/mediathek/,/
/mediathek/,/im-trauerfall/
/mediathek/,/im-trauerfall/
/mediathek/,/im-trauerfall/benoetigte-dokumente/
/mediathek/,/leistungen/
/mediathek/,/leistungen/
/mediathek/,/leistungen/ueberfuehrungen/
/mediathek/,/leistungen/thanatopraxie/
/mediathek/,/leistungen/trauerfeier-und-trauerdruck/
/mediathek/,/leistungen/formalitaeten/
/mediathek/,/bestattungsarten/
/mediathek/,/bestattungsarten/
/mediathek/,/bestattungsarten/erdbestattung/
/mediathek/,/bestattungsarten/feuerbestattung/
/mediathek/,/bestattungsarten/seebestattung/
/mediathek/,/bestattungsarten/anonyme-bestattung/
/mediathek/,/bestattungsvorsorge/
/mediathek/,/abschiedsraum/
/mediathek/,/ueber-uns/
/mediathek/,/ueber-uns/
/mediathek/,/ueber-uns/historie/
/mediathek/,/ueber-uns/galerie/
/mediathek/,/mediathek/
/mediathek/,/friedhoefe-in-wuerzburg/
/mediathek/,/kontakt/
/mediathek/,/
/mediathek/,/
/mediathek/,/im-trauerfall/
/mediathek/,/leistungen/
/mediathek/,/bestattungsarten/
/mediathek/,/bestattungsvorsorge/
/mediathek/,/abschiedsraum/
/mediathek/,/ueber-uns/
/mediathek/,/mediathek/
/mediathek/,/friedhoefe-in-wuerzburg/
/mediathek/,/kontakt/
/mediathek/,/impressum/
/mediathek/,/datenschutz/
/mediathek/,/barrierefreiheit/
/ueber-uns/galerie/,/favicon.ico
/ueber-uns/galerie/,/favicon.svg
/ueber-uns/galerie/,/apple-touch-icon.png
/ueber-uns/galerie/,/site.webmanifest
/ueber-uns/galerie/,/_astro/abschiedsraum.THp6ayMY.css
/ueber-uns/galerie/,/
/ueber-uns/galerie/,/im-trauerfall/
/ueber-uns/galerie/,/im-trauerfall/
/ueber-uns/galerie/,/im-trauerfall/benoetigte-dokumente/
/ueber-uns/galerie/,/leistungen/
/ueber-uns/galerie/,/leistungen/
/ueber-uns/galerie/,/leistungen/ueberfuehrungen/
/ueber-uns/galerie/,/leistungen/thanatopraxie/
/ueber-uns/galerie/,/leistungen/trauerfeier-und-trauerdruck/
/ueber-uns/galerie/,/leistungen/formalitaeten/
/ueber-uns/galerie/,/bestattungsarten/
/ueber-uns/galerie/,/bestattungsarten/
/ueber-uns/galerie/,/bestattungsarten/erdbestattung/
/ueber-uns/galerie/,/bestattungsarten/feuerbestattung/
/ueber-uns/galerie/,/bestattungsarten/seebestattung/
/ueber-uns/galerie/,/bestattungsarten/anonyme-bestattung/
/ueber-uns/galerie/,/bestattungsvorsorge/
/ueber-uns/galerie/,/abschiedsraum/
/ueber-uns/galerie/,/ueber-uns/
/ueber-uns/galerie/,/ueber-uns/
/ueber-uns/galerie/,/ueber-uns/historie/
/ueber-uns/galerie/,/ueber-uns/galerie/
/ueber-uns/galerie/,/mediathek/
/ueber-uns/galerie/,/friedhoefe-in-wuerzburg/
/ueber-uns/galerie/,/kontakt/
/ueber-uns/galerie/,/
/ueber-uns/galerie/,/ueber-uns/
/ueber-uns/galerie/,/
/ueber-uns/galerie/,/im-trauerfall/
/ueber-uns/galerie/,/leistungen/
/ueber-uns/galerie/,/bestattungsarten/
/ueber-uns/galerie/,/bestattungsvorsorge/
/ueber-uns/galerie/,/abschiedsraum/
/ueber-uns/galerie/,/ueber-uns/
/ueber-uns/galerie/,/mediathek/
/ueber-uns/galerie/,/friedhoefe-in-wuerzburg/
/ueber-uns/galerie/,/kontakt/
/ueber-uns/galerie/,/impressum/
/ueber-uns/galerie/,/datenschutz/
/ueber-uns/galerie/,/barrierefreiheit/
/ueber-uns/historie/,/favicon.ico
/ueber-uns/historie/,/favicon.svg
/ueber-uns/historie/,/apple-touch-icon.png
/ueber-uns/historie/,/site.webmanifest
/ueber-uns/historie/,/_astro/abschiedsraum.THp6ayMY.css
/ueber-uns/historie/,/
/ueber-uns/historie/,/im-trauerfall/
/ueber-uns/historie/,/im-trauerfall/
/ueber-uns/historie/,/im-trauerfall/benoetigte-dokumente/
/ueber-uns/historie/,/leistungen/
/ueber-uns/historie/,/leistungen/
/ueber-uns/historie/,/leistungen/ueberfuehrungen/
/ueber-uns/historie/,/leistungen/thanatopraxie/
/ueber-uns/historie/,/leistungen/trauerfeier-und-trauerdruck/
/ueber-uns/historie/,/leistungen/formalitaeten/
/ueber-uns/historie/,/bestattungsarten/
/ueber-uns/historie/,/bestattungsarten/
/ueber-uns/historie/,/bestattungsarten/erdbestattung/
/ueber-uns/historie/,/bestattungsarten/feuerbestattung/
/ueber-uns/historie/,/bestattungsarten/seebestattung/
/ueber-uns/historie/,/bestattungsarten/anonyme-bestattung/
/ueber-uns/historie/,/bestattungsvorsorge/
/ueber-uns/historie/,/abschiedsraum/
/ueber-uns/historie/,/ueber-uns/
/ueber-uns/historie/,/ueber-uns/
/ueber-uns/historie/,/ueber-uns/historie/
/ueber-uns/historie/,/ueber-uns/galerie/
/ueber-uns/historie/,/mediathek/
/ueber-uns/historie/,/friedhoefe-in-wuerzburg/
/ueber-uns/historie/,/kontakt/
/ueber-uns/historie/,/
/ueber-uns/historie/,/ueber-uns/
/ueber-uns/historie/,/ueber-uns/galerie/
/ueber-uns/historie/,/mediathek/
/ueber-uns/historie/,/
/ueber-uns/historie/,/im-trauerfall/
/ueber-uns/historie/,/leistungen/
/ueber-uns/historie/,/bestattungsarten/
/ueber-uns/historie/,/bestattungsvorsorge/
/ueber-uns/historie/,/abschiedsraum/
/ueber-uns/historie/,/ueber-uns/
/ueber-uns/historie/,/mediathek/
/ueber-uns/historie/,/friedhoefe-in-wuerzburg/
/ueber-uns/historie/,/kontakt/
/ueber-uns/historie/,/impressum/
/ueber-uns/historie/,/datenschutz/
/ueber-uns/historie/,/barrierefreiheit/
/ueber-uns/,/favicon.ico
/ueber-uns/,/favicon.svg
/ueber-uns/,/apple-touch-icon.png
/ueber-uns/,/site.webmanifest
/ueber-uns/,/_astro/abschiedsraum.THp6ayMY.css
/ueber-uns/,/
/ueber-uns/,/im-trauerfall/
/ueber-uns/,/im-trauerfall/
/ueber-uns/,/im-trauerfall/benoetigte-dokumente/
/ueber-uns/,/leistungen/
/ueber-uns/,/leistungen/
/ueber-uns/,/leistungen/ueberfuehrungen/
/ueber-uns/,/leistungen/thanatopraxie/
/ueber-uns/,/leistungen/trauerfeier-und-trauerdruck/
/ueber-uns/,/leistungen/formalitaeten/
/ueber-uns/,/bestattungsarten/
/ueber-uns/,/bestattungsarten/
/ueber-uns/,/bestattungsarten/erdbestattung/
/ueber-uns/,/bestattungsarten/feuerbestattung/
/ueber-uns/,/bestattungsarten/seebestattung/
/ueber-uns/,/bestattungsarten/anonyme-bestattung/
/ueber-uns/,/bestattungsvorsorge/
/ueber-uns/,/abschiedsraum/
/ueber-uns/,/ueber-uns/
/ueber-uns/,/ueber-uns/
/ueber-uns/,/ueber-uns/historie/
/ueber-uns/,/ueber-uns/galerie/
/ueber-uns/,/mediathek/
/ueber-uns/,/friedhoefe-in-wuerzburg/
/ueber-uns/,/kontakt/
/ueber-uns/,/
/ueber-uns/,/ueber-uns/historie/
/ueber-uns/,/ueber-uns/galerie/
/ueber-uns/,/abschiedsraum/
/ueber-uns/,/mediathek/
/ueber-uns/,/
/ueber-uns/,/im-trauerfall/
/ueber-uns/,/leistungen/
/ueber-uns/,/bestattungsarten/
/ueber-uns/,/bestattungsvorsorge/
/ueber-uns/,/abschiedsraum/
/ueber-uns/,/ueber-uns/
/ueber-uns/,/mediathek/
/ueber-uns/,/friedhoefe-in-wuerzburg/
/ueber-uns/,/kontakt/
/ueber-uns/,/impressum/
/ueber-uns/,/datenschutz/
/ueber-uns/,/barrierefreiheit/
