legacy_url,mapped_to
/index.html,/
/institut/hauptstelle.html,/ueber-uns/
/institut/,/ueber-uns/
/institut/abschiedsraum.html,/abschiedsraum/
/institut/mediathek.html,/mediathek/
/institut/historie.html,/ueber-uns/historie/
/institut/galerie.html,/ueber-uns/galerie/
/dienstleistung/thanatopraxie.html,/leistungen/thanatopraxie/
/dienstleistung/,/leistungen/
/dienstleistung/index.html,/leistungen/
/vorsorge/index.html,/bestattungsvorsorge/
/vorsorge/,/bestattungsvorsorge/
/trauerfall/index.html,/im-trauerfall/
/trauerfall/,/im-trauerfall/
/bestattungsarten/index.html,/bestattungsarten/
/kontakt/kontakt.html,/kontakt/
/kontakt/anfahrt.html,/kontakt/
/kontakt/impressum.html,/impressum/
/kontakt/datenschutz.html,/datenschutz/
/kontakt/index.html,/kontakt/
/institut/mediathek/gorhau_imagefilm.flv,/mediathek/
/institut/mediathek/mz_imagespot_2010.flv,/mediathek/
/institut/mediathek/mz_fernsehspot.flv,/mediathek/
/institut/mediathek/radiospot_11_2009.flv,/mediathek/
/institut/mediathek/tagderoffenentuer2012.jpg,/mediathek/
/institut/mediathek/flyer_2009.jpg,/mediathek/
/vorsorge/GN750.pdf,/bestattungsvorsorge/
/bestattungsarten/urnengarten.pdf,/bestattungsarten/feuerbestattung/
