url,title,title_len,description,desc_len,h1,canonical,jsonld_blocks
/404.html,Seite nicht gefunden (404) | Bestattungen Gorhau Würzburg,57,Die aufgerufene Seite wurde nicht gefunden. Nutzen Sie die Navigation oder kontaktieren Sie Bestattungen Gorhau in Würzburg.,124,1,https://www.gorhau-bestattungen.de/404.html,1
/abschiedsraum/,Abschiedsraum in Würzburg | Bestattungen Gorhau,47,Unser hauseigener Abschiedsraum in Würzburg-Heidingsfeld gibt Raum und Zeit für einen persönlichen Abschied im kleinen Kreis – bereits seit 2004.,145,1,https://www.gorhau-bestattungen.de/abschiedsraum/,2
/barrierefreiheit/,Barrierefreiheit | Bestattungen Gorhau Würzburg,47,"Erklärung zur Barrierefreiheit der Website von Bestattungen Gorhau in Würzburg: umgesetzte Maßnahmen, bekannte Einschränkungen und Kontakt für Hinweise.",152,1,https://www.gorhau-bestattungen.de/barrierefreiheit/,2
/bestattungsarten/anonyme-bestattung/,Anonyme Bestattung | Bestattungen Gorhau Würzburg,49,Die anonyme Bestattung: Beisetzung ohne namentliche Kennzeichnung auf einer Gemeinschaftsfläche. Bestattungen Gorhau in Würzburg berät Sie einfühlsam.,150,1,https://www.gorhau-bestattungen.de/bestattungsarten/anonyme-bestattung/,2
/bestattungsarten/erdbestattung/,Erdbestattung | Bestattungen Gorhau Würzburg,44,Die Erdbestattung: klassische Beisetzung im Sarg als Reihen- oder Wahlgrab. Bestattungen Gorhau in Würzburg begleitet Sie bei allen Schritten und Formalitäten.,159,1,https://www.gorhau-bestattungen.de/bestattungsarten/erdbestattung/,2
/bestattungsarten/feuerbestattung/,Feuerbestattung | Bestattungen Gorhau Würzburg,46,Die Feuerbestattung: Beisetzung der Urne nach der Einäscherung mit vielfältigen Grabformen. Bestattungen Gorhau in Würzburg berät Sie zu allen Möglichkeiten.,157,1,https://www.gorhau-bestattungen.de/bestattungsarten/feuerbestattung/,2
/bestattungsarten/,Bestattungsarten im Überblick | Bestattungen Gorhau Würzburg,60,"Erd-, Feuer-, See- und anonyme Bestattung: Bestattungen Gorhau in Würzburg erläutert die Bestattungsarten und hilft Ihnen, den passenden Abschied zu finden.",156,1,https://www.gorhau-bestattungen.de/bestattungsarten/,2
/bestattungsarten/seebestattung/,Seebestattung | Bestattungen Gorhau Würzburg,44,Die Seebestattung: Beisetzung der Urne auf offener See. Bestattungen Gorhau in Würzburg organisiert die Seebestattung würdevoll und mit allen Formalitäten.,155,1,https://www.gorhau-bestattungen.de/bestattungsarten/seebestattung/,2
/bestattungsvorsorge/,Bestattungsvorsorge in Würzburg | Bestattungen Gorhau,53,Bestattungsvorsorge bei Bestattungen Gorhau in Würzburg: Regeln Sie Ihre Wünsche zu Lebzeiten und entlasten Sie Ihre Angehörigen. Vorsorgevertrag und Beratung.,159,1,https://www.gorhau-bestattungen.de/bestattungsvorsorge/,2
/datenschutz/,Datenschutzerklärung | Bestattungen Gorhau Würzburg,51,Datenschutzerklärung von Bestattungen Gorhau in Würzburg gemäß DSGVO. Informationen zur Verarbeitung personenbezogener Daten auf dieser Website.,144,1,https://www.gorhau-bestattungen.de/datenschutz/,2
/friedhoefe-in-wuerzburg/,Friedhöfe in Würzburg – Informationen &amp; Grabarten | Bestattungen Gorhau,75,"Hilfreiche Informationen zu Friedhöfen, Grabarten und Ruhezeiten in Würzburg. Bestattungen Gorhau berät Sie zu den aktuell geltenden Regelungen vor Ort.",152,1,https://www.gorhau-bestattungen.de/friedhoefe-in-wuerzburg/,2
/im-trauerfall/benoetigte-dokumente/,Benötigte Dokumente im Trauerfall | Bestattungen Gorhau Würzburg,64,Welche Unterlagen werden im Trauerfall benötigt? Übersicht der Dokumente – nach Familienstand geordnet. Bestattungen Gorhau in Würzburg hilft Ihnen weiter.,155,1,https://www.gorhau-bestattungen.de/im-trauerfall/benoetigte-dokumente/,2
/im-trauerfall/,Im Trauerfall – Erste Schritte | Bestattungen Gorhau Würzburg,61,Was ist im Trauerfall zu tun? Bestattungen Gorhau in Würzburg begleitet Sie ruhig durch die ersten Schritte – Tag und Nacht erreichbar. Erste Hilfe und Checkliste.,163,1,https://www.gorhau-bestattungen.de/im-trauerfall/,3
/impressum/,Impressum | Bestattungen Gorhau Würzburg,40,"Impressum des Bestattungs- und Überführungs-Instituts Gorhau, Inh. Thomas Gorhau e.K., Reuterstraße 2, 97084 Würzburg-Heidingsfeld.",131,1,https://www.gorhau-bestattungen.de/impressum/,2
/,Bestattungen Gorhau in Würzburg-Heidingsfeld | Bestatter seit 1970,66,"Bestattungs- und Überführungs-Institut Gorhau in Würzburg-Heidingsfeld: familiengeführt seit 1970. Zuhören, beraten, begleiten – persönlich und zuverlässig im Trauerfall. Tag und Nacht erreichbar.",196,1,https://www.gorhau-bestattungen.de/,3
/kontakt/,Kontakt &amp; Anfahrt | Bestattungen Gorhau Würzburg-Heidingsfeld,65,"Kontakt zu Bestattungen Gorhau in Würzburg-Heidingsfeld: Reuterstraße 2, Telefon 0931 61 00 00. Bürozeiten Mo–Fr 08:00–16:00 Uhr, im Trauerfall Tag und Nacht erreichbar.",169,1,https://www.gorhau-bestattungen.de/kontakt/,2
/leistungen/formalitaeten/,Behördengänge und Formalitäten | Bestattungen Gorhau Würzburg,61,"Bestattungen Gorhau in Würzburg übernimmt für Sie die Formalitäten: Sterbeurkunde, Abmeldungen, Anträge und Behördengänge. Wir nehmen Ihnen den Papierkram ab.",158,1,https://www.gorhau-bestattungen.de/leistungen/formalitaeten/,2
/leistungen/,Leistungen – Bestattungen Gorhau Würzburg,41,"Das Leistungsspektrum von Bestattungen Gorhau in Würzburg: Überführungen, Thanatopraxie, Trauerfeier und Trauerdruck, Formalitäten sowie alle Bestattungsarten.",159,1,https://www.gorhau-bestattungen.de/leistungen/,2
/leistungen/thanatopraxie/,Thanatopraxie und hygienische Versorgung | Bestattungen Gorhau Würzburg,71,Thanatopraxie bei Bestattungen Gorhau in Würzburg: die hygienische und ästhetische Versorgung verstorbener Menschen durch geschulte Fachkräfte – für einen würdigen Abschied.,173,1,https://www.gorhau-bestattungen.de/leistungen/thanatopraxie/,2
/leistungen/trauerfeier-und-trauerdruck/,"Trauerfeier, Trauerreden und Trauerdruck | Bestattungen Gorhau Würzburg",71,"Trauerfeier, Trauerreden, Drucksachen und Blumenschmuck: Bestattungen Gorhau in Würzburg gestaltet mit Ihnen einen persönlichen Abschied nach Ihren Wünschen.",157,1,https://www.gorhau-bestattungen.de/leistungen/trauerfeier-und-trauerdruck/,2
/leistungen/ueberfuehrungen/,Überführungen national und international | Bestattungen Gorhau Würzburg,71,Überführungen im In- und Ausland: Bestattungen Gorhau in Würzburg organisiert die würdevolle Überführung verstorbener Menschen zuverlässig und mit allen Formalitäten.,166,1,https://www.gorhau-bestattungen.de/leistungen/ueberfuehrungen/,2
/mediathek/,"Mediathek – Imagefilm, Videos und historische Medien | Bestattungen Gorhau",74,"Die Mediathek von Bestattungen Gorhau in Würzburg: Imagefilm des Unternehmens sowie historische Videos, Audios, Flyer und Dokumente aus der Firmengeschichte.",157,1,https://www.gorhau-bestattungen.de/mediathek/,2
/ueber-uns/galerie/,Galerie – aktuelle und historische Bilder | Bestattungen Gorhau Würzburg,72,"Galerie von Bestattungen Gorhau in Würzburg: aktuelle und historische Aufnahmen unseres Hauses, des Abschiedsraums und aus der Unternehmensgeschichte.",150,1,https://www.gorhau-bestattungen.de/ueber-uns/galerie/,2
/ueber-uns/historie/,Unsere Historie seit 1970 | Bestattungen Gorhau Würzburg,56,"Die Geschichte des Bestattungsinstituts Gorhau: gegründet 1970, seit 1980 in Würzburg-Heidingsfeld, seit 2004 mit hauseigenem Abschiedsraum. Ein Familienunternehmen.",165,1,https://www.gorhau-bestattungen.de/ueber-uns/historie/,2
/ueber-uns/,Über uns – Familienunternehmen seit 1970 | Bestattungen Gorhau Würzburg,71,"Bestattungen Gorhau in Würzburg-Heidingsfeld: ein Familienunternehmen seit 1970. Zuhören, beraten, begleiten – persönliche Begleitung mit fachlicher Qualifikation.",163,1,https://www.gorhau-bestattungen.de/ueber-uns/,2
